"elapsedSeconds","cpuPercent","workingSetMiB","privateCommitMiB"
"2.0103625","1.0201052049070753","678.2734375","455.8203125"
"4.005491","1.1257890155947348","714.43359375","489.67578125"
"6.0161456","1.1656651520355612","695.20703125","469.41796875"
"8.0058373","0.834378637655271","693.6796875","470.26953125"
"10.0160962","0.8258420097033272","684.8046875","461.171875"
"12.0156645","1.0744506701771577","712.1640625","489.671875"
"14.0046671","0.8837658130763626","699.296875","477.75390625"
"16.0152209","0.92286451126053","698.18359375","478.0859375"
"18.0047342","0.9817099488603558","714.3828125","493.90234375"
"20.0162787","1.5535326213265483","711.46875","489.58203125"
"22.0039487","1.130013407658214","736.03515625","512.57421875"
"24.0179677","0.6788354528929466","702.0546875","474.98046875"
"26.0049063","0.8846838548508753","695.93359375","468.84375"
"28.0160988","0.5826766955425688","694.94921875","479.25"
"30.0060824","1.1777735253697577","700.89453125","484.734375"
"32.0194392","1.1155964754980336","735.12109375","516.97265625"
"34.0045573","1.4758252922080548","717.60546875","499.4375"
"36.0199469","1.6474792268452718","725.98046875","507.9453125"
"38.0162671","0.9294444598616998","687.25390625","466.86328125"
"40.0050446","0.8838658422070855","730.19921875","509.39453125"
"42.0137573","1.215408380700732","731.41796875","512.890625"
"44.0097897","1.5656058488830165","731.9453125","513.1171875"
"46.0105312","1.0250106023191883","726.4140625","506.73046875"
"48.0093281","1.221437880957293","737.1015625","517.79296875"
"50.0112746","0.926832335429542","706.33203125","487.31640625"
"52.0116903","1.3669033891305706","729.421875","509.8671875"
"54.0114423","1.5626937740279787","713.171875","493.4140625"
"56.018981","1.3134086779995837","719.69921875","497.91796875"
"58.0053926","1.0324049909897808","713.453125","491.23828125"
"60.0141239","0.9723177012276352","711.80078125","491.18359375"
"62.0048864","1.2754221058514041","713.203125","497.15234375"
"64.0158472","1.0198017037428082","693.08203125","474.2265625"
"66.005557","0.883451697327922","732.78125","512.71484375"
"68.0149712","1.0205866217129305","706.78515625","490.69140625"
"70.0053761","1.1284607217355616","732.58203125","513.3828125"
"72.0150123","0.9232858912473862","726.4140625","507.0703125"
"74.0061042","1.029978199399033","742.26171875","522.5078125"
"76.014623","1.0696626289980433","717.3515625","491.6953125"
"78.0047632","1.0304707427145088","733.79296875","509.13671875"
"80.0034969","0.8306040219364881","711.07421875","493.34765625"
"82.0050427","1.2685507870966515","737.265625","521.46484375"
"84.0168785","1.553307680477701","734.60546875","517.39453125"
"86.005722","1.3748567949162405","726.8984375","509.234375"
"88.0144032","1.3126616359032","736.203125","518.7890625"
"90.0043854","1.4722179424519475","719.44921875","502.0390625"
"92.0154545","1.116865526898106","704.90234375","487.42578125"
"94.0042576","0.8838544650297465","698.20703125","482.62890625"
"96.0164095","1.1647977471283402","721.375","505.20703125"
"98.0047902","1.2769498818812668","716.05078125","500.2109375"
"100.0157809","1.456837915759635","717.640625","502.0234375"
"102.0073381","1.422018534039593","725.10546875","508.83984375"
"104.0117329","1.4129108946002056","717.96484375","495.33984375"
"106.011191","0.7326203784915529","680.64453125","459.98046875"
"108.0102939","0.9770007336790932","708.828125","492.51953125"
"110.0101561","0.9766297897925119","697.47265625","484.56640625"
"112.0107664","1.0738910521454426","712.08203125","496.265625"
"114.0100045","1.3188617954009583","701.26953125","484.86328125"
"116.0109139","1.0737305247303988","709.20703125","494.1484375"
"118.0094881","1.0261221474789413","682.9609375","467.390625"
"120.0099639","0.9763302310380342","707.078125","492.9296875"
